{
  "id": "ksmi-public-mind-map",
  "title": "KSMI Public Mind Map",
  "version": "1.0.0",
  "compatibility": {
    "minimum": "11",
    "verified": "12"
  },
  "relationships": {
    "requires": [
      {
        "id": "tagger",
        "type": "module",
        "compatibility": {}
      },
      {
        "id": "totm-manager",
        "type": "module",
        "compatibility": {}
      },
      {
        "id": "sequencer",
        "type": "module",
        "compatibility": {}
      },
      {
        "id": "dragupload",
        "type": "module",
        "compatibility": {}
      },
      {
        "id": "monks-active-tiles",
        "type": "module",
        "compatibility": {}
      }
    ],
    "recommends": [
      {
        "id": "item-piles",
        "type": "module",
        "compatibility": {}
      }
    ]
  },
  "authors": [
    {
      "name": "ksmi",
      "flags": {}
    }
  ],
  "packs": [
    {
      "name": "mm-scenes",
      "label": "MM Scenes",
      "path": "packs/mm-scenes",
      "type": "Scene",
      "ownership": {
        "PLAYER": "OBSERVER",
        "ASSISTANT": "OWNER"
      },
      "flags": {}
    },
    {
      "name": "mm-actors",
      "label": "MM Actors",
      "path": "packs/mm-actors",
      "type": "JournalEntry",
      "ownership": {
        "PLAYER": "OBSERVER",
        "ASSISTANT": "OWNER"
      },
      "flags": {}
    },
    {
      "name": "mm-macros",
      "label": "MM Macros",
      "path": "packs/mm-macros",
      "type": "Macro",
      "ownership": {
        "PLAYER": "OBSERVER",
        "ASSISTANT": "OWNER"
      },
      "flags": {}
    },
    {
      "name": "mm-music",
      "label": "MM Music",
      "path": "packs/mm-music",
      "type": "Playlist",
      "ownership": {
        "PLAYER": "OBSERVER",
        "ASSISTANT": "OWNER"
      },
      "flags": {}
    },
    {
      "name": "mm-journal",
      "label": "MM Journal",
      "path": "packs/mm-journal",
      "type": "JournalEntry",
      "ownership": {
        "PLAYER": "OBSERVER",
        "ASSISTANT": "OWNER"
      },
      "flags": {}
    }
  ]
}